Year,Title,PDF Link,Authors,Download Time
2020,A graph similarity for deep learning,https://papers.nips.cc/paper_files/paper/2020/file/0004d0b59e19461ff126e3a08a814c33-Paper.pdf,Unknown,2025-02-15 06:55:59
2020,An Unsupervised Information-Theoretic Perceptual Quality Metric,https://papers.nips.cc/paper_files/paper/2020/file/00482b9bed15a272730fcb590ffebddd-Paper.pdf,Unknown,2025-02-15 06:55:59
2020,"Benchmarking Deep Inverse Models over time, and the Neural-Adjoint method",https://papers.nips.cc/paper_files/paper/2020/file/007ff380ee5ac49ffc34442f5c2a2b86-Paper.pdf,Unknown,2025-02-15 06:56:02
2020,Self-Supervised MultiModal Versatile Networks,https://papers.nips.cc/paper_files/paper/2020/file/0060ef47b12160b9198302ebdb144dcf-Paper.pdf,Unknown,2025-02-15 06:56:03
2020,Off-Policy Evaluation and Learning for External Validity under a Covariate Shift,https://papers.nips.cc/paper_files/paper/2020/file/0084ae4bc24c0795d1e6a4f58444d39b-Paper.pdf,Unknown,2025-02-15 06:56:03
2020,Fast and Flexible Temporal Point Processes with Triangular Maps,https://papers.nips.cc/paper_files/paper/2020/file/00ac8ed3b4327bdd4ebbebcb2ba10a00-Paper.pdf,Unknown,2025-02-15 06:56:04
2020,Backpropagating Linearly Improves Transferability of Adversarial Examples,https://papers.nips.cc/paper_files/paper/2020/file/00e26af6ac3b1c1c49d7c3d79c60d000-Paper.pdf,Unknown,2025-02-15 06:56:04
2020,PyGlove: Symbolic Programming for Automated Machine Learning,https://papers.nips.cc/paper_files/paper/2020/file/012a91467f210472fab4e11359bbfef6-Paper.pdf,Unknown,2025-02-15 06:56:07
2020,Neural Methods for Point-wise Dependency Estimation,https://papers.nips.cc/paper_files/paper/2020/file/00a03ec6533ca7f5c644d198d815329c-Paper.pdf,Unknown,2025-02-15 06:56:07
2020,Improved Algorithms for Online Submodular Maximization via First-order Regret Bounds,https://papers.nips.cc/paper_files/paper/2020/file/0163cceb20f5ca7b313419c068abd9dc-Paper.pdf,Unknown,2025-02-15 06:56:10
2020,Fourier Sparse Leverage Scores and Approximate Kernel Learning,https://papers.nips.cc/paper_files/paper/2020/file/012d9fe15b2493f21902cd55603382ec-Paper.pdf,Unknown,2025-02-15 06:56:12
2020,Adversarially Robust Streaming Algorithms via Differential Privacy,https://papers.nips.cc/paper_files/paper/2020/file/0172d289da48c48de8c5ebf3de9f7ee1-Paper.pdf,Unknown,2025-02-15 06:56:13
2020,Trading Personalization for Accuracy: Data Debugging in Collaborative Filtering,https://papers.nips.cc/paper_files/paper/2020/file/019fa4fdf1c04cf73ba25aa2223769cd-Paper.pdf,Unknown,2025-02-15 06:56:15
2020,Synbols: Probing Learning Algorithms with Synthetic Datasets,https://papers.nips.cc/paper_files/paper/2020/file/0169cf885f882efd795951253db5cdfb-Paper.pdf,Unknown,2025-02-15 06:56:16
2020,Cascaded Text Generation with Markov Transformers,https://papers.nips.cc/paper_files/paper/2020/file/01a0683665f38d8e5e567b3b15ca98bf-Paper.pdf,Unknown,2025-02-15 06:56:17
2020,Improving Local Identifiability in Probabilistic Box Embeddings,https://papers.nips.cc/paper_files/paper/2020/file/01c9d2c5b3ff5cbba349ec39a570b5e3-Paper.pdf,Unknown,2025-02-15 06:56:19
2020,Permute-and-Flip: A new mechanism for differentially private selection,https://papers.nips.cc/paper_files/paper/2020/file/01e00f2f4bfcbb7505cb641066f2859b-Paper.pdf,Unknown,2025-02-15 06:56:21
2020,Reciprocal Adversarial Learning via Characteristic Functions,https://papers.nips.cc/paper_files/paper/2020/file/021f6dd88a11ca489936ae770e4634ad-Paper.pdf,Unknown,2025-02-15 06:56:40
2020,Statistical Guarantees of Distributed Nearest Neighbor Classification,https://papers.nips.cc/paper_files/paper/2020/file/022e0ee5162c13d9a7bb3bd00fb032ce-Paper.pdf,Unknown,2025-02-15 06:56:42
2020,Stein Self-Repulsive Dynamics: Benefits From Past Samples,https://papers.nips.cc/paper_files/paper/2020/file/023d0a5671efd29e80b4deef8262e297-Paper.pdf,Unknown,2025-02-15 06:56:46
2020,Deep reconstruction of strange attractors from time series,https://papers.nips.cc/paper_files/paper/2020/file/021bbc7ee20b71134d53e20206bd6feb-Paper.pdf,Unknown,2025-02-15 06:56:46
2020,The Statistical Complexity of Early-Stopped Mirror Descent,https://papers.nips.cc/paper_files/paper/2020/file/024d2d699e6c1a82c9ba986386f4d824-Paper.pdf,Unknown,2025-02-15 06:56:47
2020,Algorithmic recourse under imperfect causal knowledge: a probabilistic approach,https://papers.nips.cc/paper_files/paper/2020/file/02a3c7fb3f489288ae6942498498db20-Paper.pdf,Unknown,2025-02-15 06:56:47
2020,A Causal View on Robustness  of Neural Networks,https://papers.nips.cc/paper_files/paper/2020/file/02ed812220b0705fabb868ddbf17ea20-Paper.pdf,Unknown,2025-02-15 06:56:48
2020,Minimax Classification with 0-1 Loss and Performance Guarantees,https://papers.nips.cc/paper_files/paper/2020/file/02f657d55eaf1c4840ce8d66fcdaf90c-Paper.pdf,Unknown,2025-02-15 06:56:49
2020,How to Learn a Useful Critic? Model-based Action-Gradient-Estimator Policy Optimization,https://papers.nips.cc/paper_files/paper/2020/file/03255088ed63354a54e0e5ed957e9008-Paper.pdf,Unknown,2025-02-15 06:56:50
2020,Coresets for Regressions with Panel Data,https://papers.nips.cc/paper_files/paper/2020/file/03287fcce194dbd958c2ec5b33705912-Paper.pdf,Unknown,2025-02-15 06:56:51
2020,Quantitative Propagation of Chaos for SGD in Wide Neural Networks,https://papers.nips.cc/paper_files/paper/2020/file/02e74f10e0327ad868d138f2b4fdd6f0-Paper.pdf,Unknown,2025-02-15 06:56:54
2020,Efficient Contextual Bandits with Continuous Actions,https://papers.nips.cc/paper_files/paper/2020/file/033cc385728c51d97360020ed57776f0-Paper.pdf,Unknown,2025-02-15 06:56:55
2020,Learning Composable Energy Surrogates for PDE Order Reduction,https://papers.nips.cc/paper_files/paper/2020/file/0332d694daab22e0e0eaf7a5e88433f9-Paper.pdf,Unknown,2025-02-15 06:56:56
2020,Achieving Equalized Odds by Resampling Sensitive Attributes,https://papers.nips.cc/paper_files/paper/2020/file/03593ce517feac573fdaafa6dcedef61-Paper.pdf,Unknown,2025-02-15 06:56:56
2020,Hard Shape-Constrained Kernel Machines,https://papers.nips.cc/paper_files/paper/2020/file/03fa2f7502f5f6b9169e67d17cbf51bb-Paper.pdf,Unknown,2025-02-15 06:56:57
2020,Multi-Robot Collision Avoidance under Uncertainty with Probabilistic Safety Barrier Certificates,https://papers.nips.cc/paper_files/paper/2020/file/03793ef7d06ffd63d34ade9d091f1ced-Paper.pdf,Unknown,2025-02-15 06:56:58
2020,A Closer Look at the Training Strategy for Modern Meta-Learning,https://papers.nips.cc/paper_files/paper/2020/file/0415740eaa4d9decbc8da001d3fd805f-Paper.pdf,Unknown,2025-02-15 06:56:58
2020,On the Value of Out-of-Distribution Testing: An Example of Goodhart's Law,https://papers.nips.cc/paper_files/paper/2020/file/045117b0e0a11a242b9765e79cbf113f-Paper.pdf,Unknown,2025-02-15 06:56:59
2020,Generalised Bayesian Filtering via Sequential Monte Carlo,https://papers.nips.cc/paper_files/paper/2020/file/04ecb1fa28506ccb6f72b12c0245ddbc-Paper.pdf,Unknown,2025-02-15 06:56:59
2020,Deterministic Approximation for Submodular Maximization over a Matroid in Nearly Linear Time,https://papers.nips.cc/paper_files/paper/2020/file/05128e44e27c36bdba71221bfccf735d-Paper.pdf,Unknown,2025-02-15 06:57:00
2020,Simultaneous Preference and Metric Learning from Paired Comparisons,https://papers.nips.cc/paper_files/paper/2020/file/0561bc7ecba98e39ca7994f93311ba23-Paper.pdf,Unknown,2025-02-15 06:57:01
2020,Efficient Variational Inference for Sparse Deep Learning with Theoretical Guarantee,https://papers.nips.cc/paper_files/paper/2020/file/05a624166c8eb8273b8464e8d9cb5bd9-Paper.pdf,Unknown,2025-02-15 06:57:02
2020,Flows for simultaneous manifold learning and density estimation,https://papers.nips.cc/paper_files/paper/2020/file/051928341be67dcba03f0e04104d9047-Paper.pdf,Unknown,2025-02-15 06:57:02
2020,Learning Manifold Implicitly via Explicit Heat-Kernel Learning,https://papers.nips.cc/paper_files/paper/2020/file/05e2a0647e260c355dd2b2175edb45b8-Paper.pdf,Unknown,2025-02-15 06:57:03
2020,Deep Relational Topic Modeling via Graph Poisson Gamma Belief Network,https://papers.nips.cc/paper_files/paper/2020/file/05ee45de8d877c3949760a94fa691533-Paper.pdf,Unknown,2025-02-15 06:57:03
2020,One-bit Supervision for Image Classification,https://papers.nips.cc/paper_files/paper/2020/file/05f971b5ec196b8c65b75d2ef8267331-Paper.pdf,Unknown,2025-02-15 06:57:03
2020,Submodular Maximization Through Barrier Functions,https://papers.nips.cc/paper_files/paper/2020/file/061412e4a03c02f9902576ec55ebbe77-Paper.pdf,Unknown,2025-02-15 06:57:04
2020,What is being transferred in transfer learning?,https://papers.nips.cc/paper_files/paper/2020/file/0607f4c705595b911a4f3e7a127b44e0-Paper.pdf,Unknown,2025-02-15 06:57:05
2020,Learning to Extrapolate Knowledge: Transductive Few-shot Out-of-Graph Link Prediction,https://papers.nips.cc/paper_files/paper/2020/file/0663a4ddceacb40b095eda264a85f15c-Paper.pdf,Unknown,2025-02-15 06:57:06
2020,Exploiting weakly supervised visual patterns to learn from partial annotations,https://papers.nips.cc/paper_files/paper/2020/file/066ca7bf90807fcd8e4f1eaef4e4e8f7-Paper.pdf,Unknown,2025-02-15 06:57:07
2020,Neural Networks with Recurrent Generative Feedback,https://papers.nips.cc/paper_files/paper/2020/file/0660895c22f8a14eb039bfb9beb0778f-Paper.pdf,Unknown,2025-02-15 06:57:09
2020,Improving Inference for Neural Image Compression,https://papers.nips.cc/paper_files/paper/2020/file/066f182b787111ed4cb65ed437f0855b-Paper.pdf,Unknown,2025-02-15 06:57:10
2020,FixMatch: Simplifying Semi-Supervised Learning with Consistency and Confidence,https://papers.nips.cc/paper_files/paper/2020/file/06964dce9addb1c5cb5d6e3d9838f733-Paper.pdf,Unknown,2025-02-15 06:57:11
2020,Neuron Merging: Compensating for Pruned Neurons,https://papers.nips.cc/paper_files/paper/2020/file/0678ca2eae02d542cc931e81b74de122-Paper.pdf,Unknown,2025-02-15 06:57:11
2020,Reinforcement Learning with Combinatorial Actions: An Application to Vehicle Routing,https://papers.nips.cc/paper_files/paper/2020/file/06a9d51e04213572ef0720dd27a84792-Paper.pdf,Unknown,2025-02-15 06:57:14
2020,Rankmax: An Adaptive Projection Alternative to the Softmax Function,https://papers.nips.cc/paper_files/paper/2020/file/070dbb6024b5ef93784428afc71f2146-Paper.pdf,Unknown,2025-02-15 06:57:15
2020,Towards Playing Full MOBA Games with Deep Reinforcement Learning,https://papers.nips.cc/paper_files/paper/2020/file/06d5ae105ea1bea4d800bc96491876e9-Paper.pdf,Unknown,2025-02-15 06:57:16
2020,Online Agnostic Boosting via Regret Minimization,https://papers.nips.cc/paper_files/paper/2020/file/07168af6cb0ef9f78dae15739dd73255-Paper.pdf,Unknown,2025-02-15 06:57:16
2020,Belief Propagation Neural Networks,https://papers.nips.cc/paper_files/paper/2020/file/07217414eb3fbe24d4e5b6cafb91ca18-Paper.pdf,Unknown,2025-02-15 06:57:17
2020,Over-parameterized Adversarial Training: An Analysis Overcoming the Curse of Dimensionality,https://papers.nips.cc/paper_files/paper/2020/file/0740bb92e583cd2b88ec7c59f985cb41-Paper.pdf,Unknown,2025-02-15 06:57:18
2020,Causal Intervention for Weakly-Supervised Semantic Segmentation,https://papers.nips.cc/paper_files/paper/2020/file/07211688a0869d995947a8fb11b215d6-Paper.pdf,Unknown,2025-02-15 06:57:18
2020,Post-training Iterative Hierarchical Data Augmentation for Deep Networks,https://papers.nips.cc/paper_files/paper/2020/file/074177d3eb6371e32c16c55a3b8f706b-Paper.pdf,Unknown,2025-02-15 06:57:18
2020,Robust compressed sensing using generative models,https://papers.nips.cc/paper_files/paper/2020/file/07cb5f86508f146774a2fac4373a8e50-Paper.pdf,Unknown,2025-02-15 06:57:22
2020,Fairness without Demographics through Adversarially Reweighted Learning,https://papers.nips.cc/paper_files/paper/2020/file/07fc15c9d169ee48573edd749d25945d-Paper.pdf,Unknown,2025-02-15 06:57:23
2020,Stochastic Latent Actor-Critic: Deep Reinforcement Learning with a Latent Variable Model,https://papers.nips.cc/paper_files/paper/2020/file/08058bf500242562c0d031ff830ad094-Paper.pdf,Unknown,2025-02-15 06:57:24
2020,Ridge Rider: Finding Diverse Solutions by Following Eigenvectors of the Hessian,https://papers.nips.cc/paper_files/paper/2020/file/08425b881bcde94a383cd258cea331be-Paper.pdf,Unknown,2025-02-15 06:57:26
2020,The route to chaos in routing games: When is price of anarchy too optimistic?,https://papers.nips.cc/paper_files/paper/2020/file/0887f1a5b9970ad13f46b8c1485f7900-Paper.pdf,Unknown,2025-02-15 06:57:27
2020,Online Algorithm for Unsupervised Sequential Selection with Contextual Information,https://papers.nips.cc/paper_files/paper/2020/file/08e5d8066881eab185d0de9db3b36c7f-Paper.pdf,Unknown,2025-02-15 06:57:28
2020,Adapting Neural Architectures Between Domains,https://papers.nips.cc/paper_files/paper/2020/file/08f38e0434442128fab5ead6217ca759-Paper.pdf,Unknown,2025-02-15 06:57:29
2020,What went wrong and when? Instance-wise feature importance for time-series black-box models,https://papers.nips.cc/paper_files/paper/2020/file/08fa43588c2571ade19bc0fa5936e028-Paper.pdf,Unknown,2025-02-15 06:57:30
2020,Towards Better Generalization of Adaptive Gradient Methods,https://papers.nips.cc/paper_files/paper/2020/file/08fb104b0f2f838f3ce2d2b3741a12c2-Paper.pdf,Unknown,2025-02-15 06:57:31
2020,Learning Guidance Rewards with Trajectory-space Smoothing,https://papers.nips.cc/paper_files/paper/2020/file/0912d0f15f1394268c66639e39b26215-Paper.pdf,Unknown,2025-02-15 06:57:36
2020,Variance Reduction via Accelerated Dual Averaging for Finite-Sum Optimization,https://papers.nips.cc/paper_files/paper/2020/file/093b60fd0557804c8ba0cbf1453da22f-Paper.pdf,Unknown,2025-02-15 06:57:37
2020,Tree! I am no Tree! I am a low dimensional Hyperbolic Embedding,https://papers.nips.cc/paper_files/paper/2020/file/093f65e080a295f8076b1c5722a46aa2-Paper.pdf,Unknown,2025-02-15 06:57:38
2020,Deep Structural Causal Models for Tractable Counterfactual Inference,https://papers.nips.cc/paper_files/paper/2020/file/0987b8b338d6c90bbedd8631bc499221-Paper.pdf,Unknown,2025-02-15 06:57:40
2020,Convolutional Generation of Textured 3D Meshes,https://papers.nips.cc/paper_files/paper/2020/file/098d86c982354a96556bd861823ebfbd-Paper.pdf,Unknown,2025-02-15 06:57:46
2020,A Statistical Framework for Low-bitwidth Training of Deep Neural Networks,https://papers.nips.cc/paper_files/paper/2020/file/099fe6b0b444c23836c4a5d07346082b-Paper.pdf,Unknown,2025-02-15 06:57:47
2020,Better Set Representations For Relational Reasoning,https://papers.nips.cc/paper_files/paper/2020/file/09ccf3183d9e90e5ae1f425d5f9b2c00-Paper.pdf,Unknown,2025-02-15 06:57:49
2020,AutoSync: Learning to Synchronize for Data-Parallel Distributed Deep Learning,https://papers.nips.cc/paper_files/paper/2020/file/0a2298a72858d90d5c4b4fee954b6896-Paper.pdf,Unknown,2025-02-15 06:57:50
2020,Debugging Tests for Model Explanations,https://papers.nips.cc/paper_files/paper/2020/file/075b051ec3d22dac7b33f788da631fd4-Paper.pdf,Unknown,2025-02-15 06:57:53
2020,A Combinatorial Perspective on Transfer Learning,https://papers.nips.cc/paper_files/paper/2020/file/0a3b6f64f0523984e51323fe53b8c504-Paper.pdf,Unknown,2025-02-15 06:57:54
2020,Hardness of Learning Neural Networks with Natural Weights,https://papers.nips.cc/paper_files/paper/2020/file/0a4dc6dae338c9cb08947c07581f77a2-Paper.pdf,Unknown,2025-02-15 06:57:54
2020,Higher-Order Spectral Clustering of Directed Graphs,https://papers.nips.cc/paper_files/paper/2020/file/0a5052334511e344f15ae0bfafd47a67-Paper.pdf,Unknown,2025-02-15 06:57:55
2020,Primal-Dual Mesh Convolutional Neural Networks,https://papers.nips.cc/paper_files/paper/2020/file/0a656cc19f3f5b41530182a9e03982a4-Paper.pdf,Unknown,2025-02-15 06:57:56
2020,The Advantage of Conditional Meta-Learning for Biased Regularization and Fine Tuning,https://papers.nips.cc/paper_files/paper/2020/file/0a716fe8c7745e51a3185fc8be6ca23a-Paper.pdf,Unknown,2025-02-15 06:57:57
2020,Sinkhorn Barycenter via Functional Gradient Descent,https://papers.nips.cc/paper_files/paper/2020/file/0a93091da5efb0d9d5649e7f6b2ad9d7-Paper.pdf,Unknown,2025-02-15 06:58:01
2020,Watch out! Motion is Blurring the Vision of Your Deep Neural Networks,https://papers.nips.cc/paper_files/paper/2020/file/0a73de68f10e15626eb98701ecf03adb-Paper.pdf,Unknown,2025-02-15 06:58:03
2020,Coresets for Near-Convex Functions,https://papers.nips.cc/paper_files/paper/2020/file/0afe095e81a6ac76ff3f69975cb3e7ae-Paper.pdf,Unknown,2025-02-15 06:58:03
2020,Bayesian Deep Ensembles via the Neural Tangent Kernel,https://papers.nips.cc/paper_files/paper/2020/file/0b1ec366924b26fc98fa7b71a9c249cf-Paper.pdf,Unknown,2025-02-15 06:58:04
2020,Adaptive Sampling for Stochastic Risk-Averse Learning,https://papers.nips.cc/paper_files/paper/2020/file/0b6ace9e8971cf36f1782aa982a708db-Paper.pdf,Unknown,2025-02-15 06:58:07
2020,Improved Schemes for Episodic Memory-based Lifelong Learning,https://papers.nips.cc/paper_files/paper/2020/file/0b5e29aa1acf8bdc5d8935d7036fa4f5-Paper.pdf,Unknown,2025-02-15 06:58:07
2020,Deep Wiener Deconvolution: Wiener Meets Deep Learning for Image Deblurring,https://papers.nips.cc/paper_files/paper/2020/file/0b8aff0438617c055eb55f0ba5d226fa-Paper.pdf,Unknown,2025-02-15 06:58:11
2020,Discovering Reinforcement Learning Algorithms,https://papers.nips.cc/paper_files/paper/2020/file/0b96d81f0494fde5428c7aea243c9157-Paper.pdf,Unknown,2025-02-15 06:58:12
2020,Taming Discrete Integration via the Boon of Dimensionality,https://papers.nips.cc/paper_files/paper/2020/file/0baf163c24ed14b515aaf57a9de5501c-Paper.pdf,Unknown,2025-02-15 06:58:12
2020,Simplify and Robustify Negative Sampling for Implicit Collaborative Filtering,https://papers.nips.cc/paper_files/paper/2020/file/0c7119e3a6a2209da6a5b90e5b5b75bd-Paper.pdf,Unknown,2025-02-15 06:58:14
2020,Model Selection for Production System via Automated Online Experiments,https://papers.nips.cc/paper_files/paper/2020/file/0c72cb7ee1512f800abe27823a792d03-Paper.pdf,Unknown,2025-02-15 06:58:15
2020,On the Almost Sure Convergence of Stochastic Gradient Descent in Non-Convex Problems,https://papers.nips.cc/paper_files/paper/2020/file/0cb5ebb1b34ec343dfe135db691e4a85-Paper.pdf,Unknown,2025-02-15 06:58:16
2020,Automatic Perturbation Analysis for Scalable Certified Robustness and Beyond,https://papers.nips.cc/paper_files/paper/2020/file/0cbc5671ae26f67871cb914d81ef8fc1-Paper.pdf,Unknown,2025-02-15 06:58:17
2020,Adaptation Properties Allow Identification of Optimized Neural Codes,https://papers.nips.cc/paper_files/paper/2020/file/0cc24cb7c26586310cc95c8cb1a81cbc-Paper.pdf,Unknown,2025-02-15 06:58:18
2020,Global Convergence and Variance Reduction for a Class of Nonconvex-Nonconcave Minimax Problems,https://papers.nips.cc/paper_files/paper/2020/file/0cc6928e741d75e7a92396317522069e-Paper.pdf,Unknown,2025-02-15 06:58:20
2020,Blind Video Temporal Consistency via Deep Video Prior,https://papers.nips.cc/paper_files/paper/2020/file/0c0a7566915f4f24853fc4192689aa7e-Paper.pdf,Unknown,2025-02-15 06:58:20
2020,Model-Based Multi-Agent RL in Zero-Sum Markov Games with Near-Optimal Sample Complexity,https://papers.nips.cc/paper_files/paper/2020/file/0cc6ee01c82fc49c28706e0918f57e2d-Paper.pdf,Unknown,2025-02-15 06:58:21
2020,Online Influence Maximization under Linear Threshold Model,https://papers.nips.cc/paper_files/paper/2020/file/0d352b4d3a317e3eae221199fdb49651-Paper.pdf,Unknown,2025-02-15 06:58:22
2020,Conservative Q-Learning for Offline Reinforcement Learning,https://papers.nips.cc/paper_files/paper/2020/file/0d2b2061826a5df3221116a5085a6052-Paper.pdf,Unknown,2025-02-15 06:58:23
2020,Ensembling geophysical models with Bayesian Neural Networks,https://papers.nips.cc/paper_files/paper/2020/file/0d5501edb21a59a43435efa67f200828-Paper.pdf,Unknown,2025-02-15 06:58:25
2020,Asymmetric Shapley values: incorporating causal knowledge into model-agnostic explainability,https://papers.nips.cc/paper_files/paper/2020/file/0d770c496aa3da6d2c3f2bd19e7b9d6b-Paper.pdf,Unknown,2025-02-15 06:58:26
2020,Understanding Deep Architecture with Reasoning Layer,https://papers.nips.cc/paper_files/paper/2020/file/0d82627e10660af39ea7eb69c3568955-Paper.pdf,Unknown,2025-02-15 06:58:35
2020,Planning in Markov Decision Processes with Gap-Dependent Sample Complexity,https://papers.nips.cc/paper_files/paper/2020/file/0d85eb24e2add96ff1a7021f83c1abc9-Paper.pdf,Unknown,2025-02-15 06:58:36
2020,Provably Good Batch Off-Policy Reinforcement Learning Without Great Exploration,https://papers.nips.cc/paper_files/paper/2020/file/0dc23b6a0e4abc39904388dd3ffadcd1-Paper.pdf,Unknown,2025-02-15 06:58:38
2020,Detection as Regression: Certified Object Detection with Median Smoothing,https://papers.nips.cc/paper_files/paper/2020/file/0dd1bc593a91620daecf7723d2235624-Paper.pdf,Unknown,2025-02-15 06:58:41
2020,Contextual Reserve Price Optimization in Auctions via Mixed Integer Programming,https://papers.nips.cc/paper_files/paper/2020/file/0e1bacf07b14673fcdb553da51b999a5-Paper.pdf,Unknown,2025-02-15 06:58:46
2020,Delving into the Cyclic Mechanism in Semi-supervised Video Object Segmentation,https://papers.nips.cc/paper_files/paper/2020/file/0d5bd023a3ee11c7abca5b42a93c4866-Paper.pdf,Unknown,2025-02-15 06:58:46
2021,Cortico-cerebellar networks as decoupling neural interfaces,https://papers.nips.cc/paper_files/paper/2021/file/3ffebb08d23c609875d7177ee769a3e9-Paper.pdf,Unknown,2025-02-15 07:07:01
2021,Coarse-to-fine Animal Pose and Shape Estimation,https://papers.nips.cc/paper_files/paper/2021/file/6195f47dcff14b8f242aa333cdb2703e-Paper.pdf,Unknown,2025-02-15 07:07:03
2021,Fixes That Fail: Self-Defeating Improvements in Machine-Learning Systems,https://papers.nips.cc/paper_files/paper/2021/file/619427579e7b067421f6aa89d4a8990c-Paper.pdf,Unknown,2025-02-15 07:07:06
2021,How Well do Feature Visualizations Support Causal Understanding of CNN Activations?,https://papers.nips.cc/paper_files/paper/2021/file/618faa1728eb2ef6e3733645273ab145-Paper.pdf,Unknown,2025-02-15 07:07:10
2021,List-Decodable Mean Estimation in Nearly-PCA Time,https://papers.nips.cc/paper_files/paper/2021/file/547b85f3fafdf30856386753dc21c4e1-Paper.pdf,Unknown,2025-02-15 07:07:11
2021,Impression learning: Online representation learning with synaptic plasticity,https://papers.nips.cc/paper_files/paper/2021/file/615299acbbac3e21302bbc435091ad9f-Paper.pdf,Unknown,2025-02-15 07:07:13
2021,Bridging Offline Reinforcement Learning and Imitation Learning: A Tale of Pessimism,https://papers.nips.cc/paper_files/paper/2021/file/60ce36723c17bbac504f2ef4c8a46995-Paper.pdf,Unknown,2025-02-15 07:07:14
2021,Foundations of Symbolic Languages for Model Interpretability,https://papers.nips.cc/paper_files/paper/2021/file/60cb558c40e4f18479664069d9642d5a-Paper.pdf,Unknown,2025-02-15 07:07:15
2021,Hyperparameter Tuning is All You Need for LISTA,https://papers.nips.cc/paper_files/paper/2021/file/60c97bef031ec312b512c08565c1868e-Paper.pdf,Unknown,2025-02-15 07:07:16
2021,Overlapping Spaces for Compact Graph Representations,https://papers.nips.cc/paper_files/paper/2021/file/60b2149f6bafd1cc9d505496f09160ba-Paper.pdf,Unknown,2025-02-15 07:07:16
2021,Sequential Algorithms for Testing Closeness of Distributions,https://papers.nips.cc/paper_files/paper/2021/file/609c5e5089a9aa967232aba2a4d03114-Paper.pdf,Unknown,2025-02-15 07:07:17
2021,Coresets for Classification – Simplified and Strengthened,https://papers.nips.cc/paper_files/paper/2021/file/6098ed616e715171f0dabad60a8e5197-Paper.pdf,Unknown,2025-02-15 07:07:21
2021,Numerical Composition of Differential Privacy,https://papers.nips.cc/paper_files/paper/2021/file/6097d8f3714205740f30debe1166744e-Paper.pdf,Unknown,2025-02-15 07:07:22
2021,Pure Exploration in Kernel and Neural Bandits,https://papers.nips.cc/paper_files/paper/2021/file/6084e82a08cb979cf75ae28aed37ecd4-Paper.pdf,Unknown,2025-02-15 07:07:24
2021,Learning to Generate Visual Questions with Noisy Supervision,https://papers.nips.cc/paper_files/paper/2021/file/60792d855cd8a912a97711f91a1f155c-Paper.pdf,Unknown,2025-02-15 07:07:25
2021,DeepGEM: Generalized Expectation-Maximization for Blind Inversion,https://papers.nips.cc/paper_files/paper/2021/file/606c90a06173d69682feb83037a68fec-Paper.pdf,Unknown,2025-02-15 07:07:26
2021,Submodular + Concave,https://papers.nips.cc/paper_files/paper/2021/file/602443a3d6907117d8b4a308844e963e-Paper.pdf,Unknown,2025-02-15 07:07:28
2021,Evidential Softmax for Sparse Multimodal Distributions in Deep Generative Models,https://papers.nips.cc/paper_files/paper/2021/file/60243f9b1ac2dba11ff8131c8f4431e0-Paper.pdf,Unknown,2025-02-15 07:07:29
2021,Hierarchical Skills for Efficient Exploration,https://papers.nips.cc/paper_files/paper/2021/file/60106888f8977b71e1f15db7bc9a88d1-Paper.pdf,Unknown,2025-02-15 07:07:31
2021,Replacing Rewards with Examples: Example-Based Policy Search via Recursive Classification,https://papers.nips.cc/paper_files/paper/2021/file/5ffaa9f5182c2a36843f438bb1fdbdea-Paper.pdf,Unknown,2025-02-15 07:07:36
2021,What’s a good imputation to predict with missing values?,https://papers.nips.cc/paper_files/paper/2021/file/5fe8fdc79ce292c39c5f209d734b7206-Paper.pdf,Unknown,2025-02-15 07:07:38
2021,Universal Rate-Distortion-Perception Representations for Lossy Compression,https://papers.nips.cc/paper_files/paper/2021/file/5fde40544cff0001484ecae2466ce96e-Paper.pdf,Unknown,2025-02-15 07:07:40
2021,Meta-Learning Sparse Implicit Neural Representations,https://papers.nips.cc/paper_files/paper/2021/file/61b1fb3f59e28c67f3925f3c79be81a1-Paper.pdf,Unknown,2025-02-15 07:07:41
2021,Conservative Data Sharing for Multi-Task Offline Reinforcement Learning,https://papers.nips.cc/paper_files/paper/2021/file/5fd2c06f558321eff612bbbe455f6fbd-Paper.pdf,Unknown,2025-02-15 07:07:41
2021,Dual Parameterization of Sparse Variational Gaussian Processes,https://papers.nips.cc/paper_files/paper/2021/file/5fcc629edc0cfa360016263112fe8058-Paper.pdf,Unknown,2025-02-15 07:07:42
2021,Littlestone Classes are Privately Online Learnable,https://papers.nips.cc/paper_files/paper/2021/file/5fbb4eb0e7c2cedf731ec7c18e344141-Paper.pdf,Unknown,2025-02-15 07:07:43
2021,Exploring Cross-Video and Cross-Modality Signals for Weakly-Supervised Audio-Visual Video Parsing,https://papers.nips.cc/paper_files/paper/2021/file/5f93f983524def3dca464469d2cf9f3e-Paper.pdf,Unknown,2025-02-15 07:07:45
2021,Entropic Desired Dynamics for Intrinsic Control,https://papers.nips.cc/paper_files/paper/2021/file/5f7f02b7e4ade23430f345f954c938c1-Paper.pdf,Unknown,2025-02-15 07:07:47
2021,An Improved Analysis of Gradient Tracking for Decentralized Machine Learning,https://papers.nips.cc/paper_files/paper/2021/file/5f25fbe144e4a81a1b0080b6c1032778-Paper.pdf,Unknown,2025-02-15 07:07:48
2021,Decrypting Cryptic Crosswords: Semantically Complex Wordplay Puzzles as a Target for NLP,https://papers.nips.cc/paper_files/paper/2021/file/5f1d3986fae10ed2994d14ecd89892d7-Paper.pdf,Unknown,2025-02-15 07:07:49
2021,Faster proximal algorithms for matrix optimization using Jacobi-based eigenvalue methods,https://papers.nips.cc/paper_files/paper/2021/file/5ef78f63ba22e7dfb2fa44613311b932-Paper.pdf,Unknown,2025-02-15 07:07:50
2021,Shifted Chunk Transformer for Spatio-Temporal Representational Learning,https://papers.nips.cc/paper_files/paper/2021/file/5edc4f7dce28c711afc6265b4f99bf57-Paper.pdf,Unknown,2025-02-15 07:07:53
2021,Integrating Expert ODEs into Neural ODEs: Pharmacology and Disease Progression,https://papers.nips.cc/paper_files/paper/2021/file/5ea1649a31336092c05438df996a3e59-Paper.pdf,Unknown,2025-02-15 07:07:54
2021,Joint Modeling of Visual Objects and Relations for Scene Graph Generation,https://papers.nips.cc/paper_files/paper/2021/file/3f67fd97162d20e6fe27748b5b372509-Paper.pdf,Unknown,2025-02-15 07:07:55
2021,One Explanation is Not Enough: Structured Attention Graphs for Image Classification,https://papers.nips.cc/paper_files/paper/2021/file/5e751896e527c862bf67251a474b3819-Paper.pdf,Unknown,2025-02-15 07:07:59
2021,Online Adaptation to Label Distribution Shift,https://papers.nips.cc/paper_files/paper/2021/file/5e6bd7a6970cd4325e587f02667f7f73-Paper.pdf,Unknown,2025-02-15 07:08:00
2021,Tensor decompositions of higher-order correlations by nonlinear Hebbian plasticity,https://papers.nips.cc/paper_files/paper/2021/file/5e34a2b4c23f4de585fb09a7f546f527-Paper.pdf,Unknown,2025-02-15 07:08:02
2021,Learning to dehaze with polarization,https://papers.nips.cc/paper_files/paper/2021/file/5fd0b37cd7dbbb00f97ba6ce92bf5add-Paper.pdf,Unknown,2025-02-15 07:08:02
2021,Bootstrap Your Object Detector via Mixed Training,https://papers.nips.cc/paper_files/paper/2021/file/5e15fb59326e7a9c3d6558ca74621683-Paper.pdf,Unknown,2025-02-15 07:08:03
2021,Score-based Generative Modeling in Latent Space,https://papers.nips.cc/paper_files/paper/2021/file/5dca4c6b9e244d24a30b4c45601d9720-Paper.pdf,Unknown,2025-02-15 07:08:04
2021,Bridging Explicit and Implicit Deep Generative Models via Neural Stein Estimators,https://papers.nips.cc/paper_files/paper/2021/file/5db60c98209913790e4fcce4597ee37c-Paper.pdf,Unknown,2025-02-15 07:08:08
2021,Deep Conditional Gaussian Mixture Model for Constrained Clustering,https://papers.nips.cc/paper_files/paper/2021/file/5dd9db5e033da9c6fb5ba83c7a7ebea9-Paper.pdf,Unknown,2025-02-15 07:08:10
2021,Continuous Doubly Constrained Batch Reinforcement Learning,https://papers.nips.cc/paper_files/paper/2021/file/5da713a690c067105aeb2fae32403405-Paper.pdf,Unknown,2025-02-15 07:08:10
2021,Near-Optimal Offline Reinforcement Learning via Double Variance Reduction,https://papers.nips.cc/paper_files/paper/2021/file/3f24bb08a5741e4197af64e1f93a5029-Paper.pdf,Unknown,2025-02-15 07:08:11
2021,Subquadratic Overparameterization for Shallow Neural Networks,https://papers.nips.cc/paper_files/paper/2021/file/5d9e4a04afb9f3608ccc76c1ffa7573e-Paper.pdf,Unknown,2025-02-15 07:08:12
2021,Optimal prediction of Markov chains with and without spectral gap,https://papers.nips.cc/paper_files/paper/2021/file/5d69dc892ba6e79fda0c6a1e286f24c5-Paper.pdf,Unknown,2025-02-15 07:08:12
2021,Federated Reconstruction: Partially Local Federated Learning,https://papers.nips.cc/paper_files/paper/2021/file/5d44a2b0d85aa1a4dd3f218be6422c66-Paper.pdf,Unknown,2025-02-15 07:08:13
2021,Making the most of your day: online learning for optimal allocation of time,https://papers.nips.cc/paper_files/paper/2021/file/5d2c2cee8ab0b9a36bd1ed7196bd6c4a-Paper.pdf,Unknown,2025-02-15 07:08:14
2021,Counterbalancing Learning and Strategic Incentives in Allocation Markets,https://papers.nips.cc/paper_files/paper/2021/file/5cc3749a6e56ef6d656735dff9176074-Paper.pdf,Unknown,2025-02-15 07:08:15
2021,Controlling Neural Networks with Rule Representations,https://papers.nips.cc/paper_files/paper/2021/file/5cd5058bca53951ffa7801bcdf421651-Paper.pdf,Unknown,2025-02-15 07:08:15
2021,Linear-Time Probabilistic Solution of Boundary Value Problems,https://papers.nips.cc/paper_files/paper/2021/file/5ca3e9b122f61f8f06494c97b1afccf3-Paper.pdf,Unknown,2025-02-15 07:08:16
2021,Oracle-Efficient Regret Minimization in Factored MDPs with Unknown Structure,https://papers.nips.cc/paper_files/paper/2021/file/5c936263f3428a40227908d5a3847c0b-Paper.pdf,Unknown,2025-02-15 07:08:18
2021,Lifelong Domain Adaptation via Consolidated Internal Distribution,https://papers.nips.cc/paper_files/paper/2021/file/5caf41d62364d5b41a893adc1a9dd5d4-Paper.pdf,Unknown,2025-02-15 07:08:18
2021,Make Sure You're Unsure: A Framework for Verifying Probabilistic Specifications,https://papers.nips.cc/paper_files/paper/2021/file/5c5bc7df3d37b2a7ea29e1b47b2bd4ab-Paper.pdf,Unknown,2025-02-15 07:08:19
2021,Differentiable Synthesis of Program Architectures,https://papers.nips.cc/paper_files/paper/2021/file/5c5a93a042235058b1ef7b0ac1e11b67-Paper.pdf,Unknown,2025-02-15 07:08:19
2021,Learning interaction rules from multi-animal trajectories via augmented behavioral models,https://papers.nips.cc/paper_files/paper/2021/file/5c572eca050594c7bc3c36e7e8ab9550-Paper.pdf,Unknown,2025-02-15 07:08:20
2021,A Provably Efficient Sample Collection Strategy for Reinforcement Learning,https://papers.nips.cc/paper_files/paper/2021/file/3e98410c45ea98addec555019bbae8eb-Paper.pdf,Unknown,2025-02-15 07:08:21
2021,Multi-task Learning of Order-Consistent Causal Graphs,https://papers.nips.cc/paper_files/paper/2021/file/5c3a3b139a11689e0bc55abd95e20e39-Paper.pdf,Unknown,2025-02-15 07:08:22
2021,Learning to Iteratively Solve Routing Problems with Dual-Aspect Collaborative Transformer,https://papers.nips.cc/paper_files/paper/2021/file/5c53292c032b6cb8510041c54274e65f-Paper.pdf,Unknown,2025-02-15 07:08:23
2021,Selective Sampling for Online Best-arm Identification,https://papers.nips.cc/paper_files/paper/2021/file/5c333c4ffd55c7a3576e6a614d81af82-Paper.pdf,Unknown,2025-02-15 07:08:23
2021,True Few-Shot Learning with Language Models,https://papers.nips.cc/paper_files/paper/2021/file/5c04925674920eb58467fb52ce4ef728-Paper.pdf,Unknown,2025-02-15 07:08:24
2021,Robust Visual Reasoning via Language Guided Neural Module Networks,https://papers.nips.cc/paper_files/paper/2021/file/5bd53571b97884635d13910db49626bc-Paper.pdf,Unknown,2025-02-15 07:08:25
2021,Dynamic Normalization and Relay for Video Action Recognition,https://papers.nips.cc/paper_files/paper/2021/file/5bd529d5b07b647a8863cf71e98d651a-Paper.pdf,Unknown,2025-02-15 07:08:25
2021,Leveraging Recursive Gumbel-Max Trick for Approximate Inference in Combinatorial Spaces,https://papers.nips.cc/paper_files/paper/2021/file/5b658d2a925565f0755e035597f8d22f-Paper.pdf,Unknown,2025-02-15 07:08:26
2021,Dynamic Inference with Neural Interpreters,https://papers.nips.cc/paper_files/paper/2021/file/5b4e9aa703d0bfa11041debaa2d1b633-Paper.pdf,Unknown,2025-02-15 07:08:29
2021,Beyond Pinball Loss: Quantile Methods for Calibrated Uncertainty Quantification,https://papers.nips.cc/paper_files/paper/2021/file/5b168fdba5ee5ea262cc2d4c0b457697-Paper.pdf,Unknown,2025-02-15 07:08:30
2021,Hamiltonian Dynamics with Non-Newtonian Momentum for Rapid Sampling,https://papers.nips.cc/paper_files/paper/2021/file/5b970a1d9be0fd100063fd6cd688b73e-Paper.pdf,Unknown,2025-02-15 07:08:31
2021,Quantifying and Improving Transferability in Domain Generalization,https://papers.nips.cc/paper_files/paper/2021/file/5adaacd4531b78ff8b5cedfe3f4d5212-Paper.pdf,Unknown,2025-02-15 07:08:31
2021,What Makes Multi-Modal Learning Better than Single (Provably),https://papers.nips.cc/paper_files/paper/2021/file/5aa3405a3f865c10f420a4a7b55cbff3-Paper.pdf,Unknown,2025-02-15 07:08:32
2021,Lower and Upper Bounds on the Pseudo-Dimension of Tensor Network Models,https://papers.nips.cc/paper_files/paper/2021/file/5a9d8bf5b7a4b35f3110dde8673bdda2-Paper.pdf,Unknown,2025-02-15 07:08:32
2021,SSUL: Semantic Segmentation with Unknown Label for Exemplar-based Class-Incremental Learning,https://papers.nips.cc/paper_files/paper/2021/file/5a9542c773018268fc6271f7afeea969-Paper.pdf,Unknown,2025-02-15 07:08:34
2021,R-Drop: Regularized Dropout for Neural Networks,https://papers.nips.cc/paper_files/paper/2021/file/5a66b9200f29ac3fa0ae244cc2a51b39-Paper.pdf,Unknown,2025-02-15 07:08:35
2021,Random Noise Defense Against Query-Based Black-Box Attacks,https://papers.nips.cc/paper_files/paper/2021/file/3eb414bf1c2a66a09c185d60553417b8-Paper.pdf,Unknown,2025-02-15 07:08:36
2021,Deep Learning Through the Lens of Example Difficulty,https://papers.nips.cc/paper_files/paper/2021/file/5a4b25aaed25c2ee1b74de72dc03c14e-Paper.pdf,Unknown,2025-02-15 07:08:38
2021,A Separation Result Between Data-oblivious and Data-aware Poisoning Attacks,https://papers.nips.cc/paper_files/paper/2021/file/5a499f6e26313e19bd4049009bbed5bd-Paper.pdf,Unknown,2025-02-15 07:08:39
2021,Diversity Enhanced Active Learning with Strictly Proper Scoring Rules,https://papers.nips.cc/paper_files/paper/2021/file/5a7b238ba0f6502e5d6be14424b20ded-Paper.pdf,Unknown,2025-02-15 07:08:40
2021,Implicit Finite-Horizon Approximation and Efficient Optimal Algorithms for Stochastic Shortest Path,https://papers.nips.cc/paper_files/paper/2021/file/59b1deff341edb0b76ace57820cef237-Paper.pdf,Unknown,2025-02-15 07:08:40
2021,Validation Free and Replication Robust Volume-based Data Valuation,https://papers.nips.cc/paper_files/paper/2021/file/59a3adea76fadcb6dd9e54c96fc155d1-Paper.pdf,Unknown,2025-02-15 07:08:42
2021,Stochastic Bias-Reduced Gradient Methods,https://papers.nips.cc/paper_files/paper/2021/file/597c7b407a02cc0a92167e7a371eca25-Paper.pdf,Unknown,2025-02-15 07:08:43
2021,"The Causal-Neural Connection: Expressiveness, Learnability, and Inference",https://papers.nips.cc/paper_files/paper/2021/file/5989add1703e4b0480f75e2390739f34-Paper.pdf,Unknown,2025-02-15 07:08:43
2021,Gradient-based Hyperparameter Optimization Over Long Horizons,https://papers.nips.cc/paper_files/paper/2021/file/596dedf4498e258e4bdc9fd70df9a859-Paper.pdf,Unknown,2025-02-15 07:08:44
2021,Object-Centric Representation Learning with Generative Spatial-Temporal Factorization,https://papers.nips.cc/paper_files/paper/2021/file/593906af0d138e69f49d251d3e7cbed0-Paper.pdf,Unknown,2025-02-15 07:08:45
2021,Learning to Simulate Self-driven Particles System with Coordinated Policy Optimization,https://papers.nips.cc/paper_files/paper/2021/file/594ca7adb3277c51a998252e2d4c906e-Paper.pdf,Unknown,2025-02-15 07:08:49
2021,Extracting Deformation-Aware Local Features by Learning to Deform,https://papers.nips.cc/paper_files/paper/2021/file/5934c1ec0cd31e12bd9084d106bc2e32-Paper.pdf,Unknown,2025-02-15 07:08:56
2021,Risk Monotonicity in Statistical Learning,https://papers.nips.cc/paper_files/paper/2021/file/5907c88df2965e500c98e948dfae20c0-Paper.pdf,Unknown,2025-02-15 07:08:57
2021,Information is Power: Intrinsic Control via Information Capture,https://papers.nips.cc/paper_files/paper/2021/file/59112692262234e3fad47fa8eabf03a4-Paper.pdf,Unknown,2025-02-15 07:08:57
2021,Dynamic influence maximization,https://papers.nips.cc/paper_files/paper/2021/file/58ec72df0caca51df569d0b497c33805-Paper.pdf,Unknown,2025-02-15 07:08:58
2021,Asymptotics of the Bootstrap via Stability with Applications to Inference with Model Selection,https://papers.nips.cc/paper_files/paper/2021/file/58b7483ba899e0ce4d97ac5eecf6fa99-Paper.pdf,Unknown,2025-02-15 07:09:04
2021,Few-Shot Data-Driven Algorithms for Low Rank Approximation,https://papers.nips.cc/paper_files/paper/2021/file/588da7a73a2e919a23cb9a419c4c6d44-Paper.pdf,Unknown,2025-02-15 07:09:05
2021,Adversarial Feature Desensitization,https://papers.nips.cc/paper_files/paper/2021/file/587b7b833034299fdd5f4b10e7dc9fca-Paper.pdf,Unknown,2025-02-15 07:09:08
2021,Neural-PIL: Neural Pre-Integrated Lighting for Reflectance Decomposition,https://papers.nips.cc/paper_files/paper/2021/file/58ae749f25eded36f486bc85feb3f0ab-Paper.pdf,Unknown,2025-02-15 07:09:10
2021,Independent Prototype Propagation for Zero-Shot Compositionality,https://papers.nips.cc/paper_files/paper/2021/file/584b98aac2dddf59ee2cf19ca4ccb75e-Paper.pdf,Unknown,2025-02-15 07:09:11
2021,Universal Graph Convolutional Networks,https://papers.nips.cc/paper_files/paper/2021/file/5857d68cd9280bc98d079fa912fd6740-Paper.pdf,Unknown,2025-02-15 07:09:12
2021,Recurrence along Depth: Deep Convolutional Neural Networks with Recurrent Layer Aggregation,https://papers.nips.cc/paper_files/paper/2021/file/582967e09f1b30ca2539968da0a174fa-Paper.pdf,Unknown,2025-02-15 07:09:12
2021,Equivariant Manifold Flows,https://papers.nips.cc/paper_files/paper/2021/file/581b41df0cd50ace849e061ef74827fc-Paper.pdf,Unknown,2025-02-15 07:09:16
2021,Scalable Bayesian GPFA with automatic relevance determination and discrete noise models,https://papers.nips.cc/paper_files/paper/2021/file/58238e9ae2dd305d79c2ebc8c1883422-Paper.pdf,Unknown,2025-02-15 07:09:20
2021,"Drop, Swap, and Generate: A Self-Supervised Approach for Generating Neural Activity",https://papers.nips.cc/paper_files/paper/2021/file/58182b82110146887c02dbd78719e3d5-Paper.pdf,Unknown,2025-02-15 07:09:21
2021,Local Differential Privacy for Regret Minimization in Reinforcement Learning,https://papers.nips.cc/paper_files/paper/2021/file/580760fb5def6e2ca8eaf601236d5b08-Paper.pdf,Unknown,2025-02-15 07:09:23
2021,Emergent Discrete Communication in Semantic Spaces,https://papers.nips.cc/paper_files/paper/2021/file/5812f92450ccaf17275500841c70924a-Paper.pdf,Unknown,2025-02-15 07:09:23
2021,Parallelizing Thompson Sampling,https://papers.nips.cc/paper_files/paper/2021/file/56f0b515214a7ec9f08a4bbf9a56f7ba-Paper.pdf,Unknown,2025-02-15 07:09:24
2021,Dynamic Causal Bayesian Optimization,https://papers.nips.cc/paper_files/paper/2021/file/577bcc914f9e55d5e4e4f82f9f00e7d4-Paper.pdf,Unknown,2025-02-15 07:09:24
2021,Exploiting Data Sparsity in Secure Cross-Platform Social Recommendation,https://papers.nips.cc/paper_files/paper/2021/file/56db57b4db0a6fcb7f9e0c0b504f6472-Paper.pdf,Unknown,2025-02-15 07:09:25
2021,Concentration inequalities under sub-Gaussian and sub-exponential conditions,https://papers.nips.cc/paper_files/paper/2021/file/3e33b970f21d2fc65096871ea0d2c6e4-Paper.pdf,Unknown,2025-02-15 07:09:25
2021,Curriculum Design for Teaching via Demonstrations: Theory and Applications,https://papers.nips.cc/paper_files/paper/2021/file/56c51a39a7c77d8084838cc920585bd0-Paper.pdf,Unknown,2025-02-15 07:09:26
2021,Scalable Quasi-Bayesian Inference for Instrumental Variable Regression,https://papers.nips.cc/paper_files/paper/2021/file/56a3107cad6611c8337ee36d178ca129-Paper.pdf,Unknown,2025-02-15 07:09:27
2021,CO-PILOT: COllaborative Planning and reInforcement Learning On sub-Task curriculum,https://papers.nips.cc/paper_files/paper/2021/file/56577889b3c1cd083b6d7b32d32f99d5-Paper.pdf,Unknown,2025-02-15 07:09:27
2021,Efficient Mirror Descent Ascent Methods for Nonsmooth Minimax Problems,https://papers.nips.cc/paper_files/paper/2021/file/56503192b14190d3826780d47c0d3bf3-Paper.pdf,Unknown,2025-02-15 07:09:28
2021,Kernel Identification Through Transformers,https://papers.nips.cc/paper_files/paper/2021/file/56c3b2c6ea3a83aaeeff35eeb45d700d-Paper.pdf,Unknown,2025-02-15 07:09:29
2021,Storchastic: A Framework for General Stochastic Automatic Differentiation,https://papers.nips.cc/paper_files/paper/2021/file/3dfe2f633108d604df160cd1b01710db-Paper.pdf,Unknown,2025-02-15 07:09:29
2021,Dynaboard: An Evaluation-As-A-Service Platform for Holistic Next-Generation Benchmarking,https://papers.nips.cc/paper_files/paper/2021/file/55b1927fdafef39c48e5b73b5d61ea60-Paper.pdf,Unknown,2025-02-15 07:09:30
2021,NTopo: Mesh-free Topology Optimization using Implicit Neural Representations,https://papers.nips.cc/paper_files/paper/2021/file/55d99a37b2e1badba7c8df4ccd506a88-Paper.pdf,Unknown,2025-02-15 07:09:34
2021,Believe What You See: Implicit Constraint Approach for Offline Multi-Agent Reinforcement Learning,https://papers.nips.cc/paper_files/paper/2021/file/550a141f12de6341fba65b0ad0433500-Paper.pdf,Unknown,2025-02-15 07:09:35
2021,Escaping Saddle Points with Compressed SGD,https://papers.nips.cc/paper_files/paper/2021/file/54eea69746513c0b90bbe6227b6f46c3-Paper.pdf,Unknown,2025-02-15 07:09:37
2021,K-Net: Towards Unified Image Segmentation,https://papers.nips.cc/paper_files/paper/2021/file/55a7cf9c71f1c9c495413f934dd1a158-Paper.pdf,Unknown,2025-02-15 07:09:37
2021,On the Estimation Bias in Double Q-Learning,https://papers.nips.cc/paper_files/paper/2021/file/54e8912427a8d007ece906c577fdca60-Paper.pdf,Unknown,2025-02-15 07:09:38
2021,Reliable Estimation of KL Divergence using a Discriminator in Reproducing Kernel Hilbert Space,https://papers.nips.cc/paper_files/paper/2021/file/54a367d629152b720749e187b3eaa11b-Paper.pdf,Unknown,2025-02-15 07:09:38
2022,Parameter-free Regret in High Probability with Heavy Tails,https://papers.nips.cc/paper_files/paper/2022/file/349956dee974cfdcbbb2d06afad5dd4a-Paper-Conference.pdf,Unknown,2025-02-15 07:10:45
2022,High-dimensional Additive Gaussian Processes under Monotonicity Constraints,https://papers.nips.cc/paper_files/paper/2022/file/34b70ece5f8d273fd670a17e2248d034-Paper-Conference.pdf,Unknown,2025-02-15 07:10:45
2022,Learning and Covering Sums of Independent Random Variables with Unbounded Support,https://papers.nips.cc/paper_files/paper/2022/file/a10946e1f46e1ffc0daf37cb2abfdcad-Paper-Conference.pdf,Unknown,2025-02-15 07:10:45
2022,Adaptive Stochastic Variance Reduction for Non-convex Finite-Sum Minimization,https://papers.nips.cc/paper_files/paper/2022/file/94f625dcdec313cd432d65f96fcc51c8-Paper-Conference.pdf,Unknown,2025-02-15 07:10:47
2022,LieGG: Studying Learned Lie Group Generators,https://papers.nips.cc/paper_files/paper/2022/file/a120382cf4e2e06d94d7ae7ac96fbe25-Paper-Conference.pdf,Unknown,2025-02-15 07:10:47
2022,Maximum Class Separation as Inductive Bias in One Matrix,https://papers.nips.cc/paper_files/paper/2022/file/7b95e1ca9d7347da59cefd362e60a0b6-Paper-Conference.pdf,Unknown,2025-02-15 07:10:47

